Department,Sub Department,Sub Department URL
Toys,Musical Instruments & Karaoke,https://www.walmart.com/browse?cat_id=4171_1015079
Toys,Remote Control & Play Vehicles,https://www.walmart.com/browse?cat_id=4171_1111647
Toys,Learning Toys,https://www.walmart.com/browse?cat_id=4171_56125
Toys,Outdoor Play,https://www.walmart.com/browse?cat_id=4171_14521
Toys,Dolls & Dollhouses,https://www.walmart.com/browse?cat_id=4171_4187
Toys,Action Figures,https://www.walmart.com/browse?cat_id=4171_4172
Toys,Games & Puzzles,https://www.walmart.com/browse?cat_id=4171_4191
Toys,Arts & Crafts for Kids,https://www.walmart.com/browse?cat_id=4171_645779
Toys,Building Sets & Blocks,https://www.walmart.com/browse?cat_id=4171_4186
Toys,Chosen by Kids,https://www.walmart.com/browse?cat_id=4171_1228385
Toys,Electronics for Kids,https://www.walmart.com/browse?cat_id=4171_1096069
Toys,Kids' Bikes & Riding Toys,https://www.walmart.com/browse?cat_id=4171_133073
Toys,Preschool Toys,https://www.walmart.com/browse?cat_id=4171_1077545
Toys,Pretend Play & Dress Up,https://www.walmart.com/browse?cat_id=4171_4173
Photo Center,Frames,https://www.walmart.com/browse?cat_id=5426_672579
Photo Center,All Cameras,https://www.walmart.com/browse?cat_id=5426_4468
Photo Center,Photo Products,https://www.walmart.com/browse?cat_id=5426_531183
Photo Center,Digital Photo Frames,https://www.walmart.com/browse?cat_id=5426_164092
Pets,Dogs,https://www.walmart.com/browse?cat_id=5440_202072
Pets,Fish,https://www.walmart.com/browse?cat_id=5440_202074
Pets,Cats,https://www.walmart.com/browse?cat_id=5440_202073
Pets,Pet Food,https://www.walmart.com/browse?cat_id=5440_1075304
Pets,Horses & Farm Animals,https://www.walmart.com/browse?cat_id=5440_1092244
Pets,Birds,https://www.walmart.com/browse?cat_id=5440_228734
Pets,Pet Rx,https://www.walmart.com/browse?cat_id=5440_1101364
Pets,Pet Stain & Odor Remover,https://www.walmart.com/browse?cat_id=5440_5578462
Pets,Pet Steps & Ramps,https://www.walmart.com/browse?cat_id=5440_1086272
Pets,Pet Travel Accessories,https://www.walmart.com/browse?cat_id=5440_202088
Pets,Reptiles & Amphibians,https://www.walmart.com/browse?cat_id=5440_1043917
Pets,Small Animals,https://www.walmart.com/browse?cat_id=5440_1001299
Video Games,Video Game Accessories,https://www.walmart.com/browse?cat_id=2636_1229019
Video Games,Video Game Accessories,https://www.walmart.com/browse?cat_id=2636_1040581
Video Games,Video Game Titles,https://www.walmart.com/browse?cat_id=2636_1040579
Video Games,Xbox One,https://www.walmart.com/browse?cat_id=2636_1224908
Video Games,Xbox 360,https://www.walmart.com/browse?cat_id=2636_482412
Video Games,PlayStation 4,https://www.walmart.com/browse?cat_id=2636_1102672
Video Games,PlayStation 3,https://www.walmart.com/browse?cat_id=2636_413799
Video Games,Call of Duty,https://www.walmart.com/browse?cat_id=2636_1086005
Video Games,Fallout,https://www.walmart.com/browse?cat_id=2636_4327171
Video Games,FIFA 17,https://www.walmart.com/browse?cat_id=2636_8715992
Video Games,Final Fantasy Video Games,https://www.walmart.com/browse?cat_id=2636_4751589
Video Games,Forza Motorsport,https://www.walmart.com/browse?cat_id=2636_3106428
Video Games,Gaming Gift Cards,https://www.walmart.com/browse?cat_id=2636_1228600
Video Games,Grand Theft Auto,https://www.walmart.com/browse?cat_id=2636_6919094
Video Games,Kids and Family Games,https://www.walmart.com/browse?cat_id=2636_1089666
Video Games,Lego Video Games,https://www.walmart.com/browse?cat_id=2636_1263469
Video Games,Madden 17,https://www.walmart.com/browse?cat_id=2636_7698300
Video Games,Minecraft Video Games,https://www.walmart.com/browse?cat_id=2636_1375588
Video Games,NBA 2K17,https://www.walmart.com/browse?cat_id=2636_4163072
Video Games,Nintendo 3DS / 2DS / DS / DSi,https://www.walmart.com/browse?cat_id=2636_1086580
Video Games,Nintendo Amiibo,https://www.walmart.com/browse?cat_id=2636_1229574
Video Games,Nintendo NES Classic,https://www.walmart.com/browse?cat_id=2636_7054994
Video Games,Nintendo Switch,https://www.walmart.com/browse?cat_id=2636_4646529
Video Games,Nintendo Wii U / Wii,https://www.walmart.com/browse?cat_id=2636_1098124
Video Games,PC & Digital Gaming,https://www.walmart.com/browse?cat_id=2636_1077504
Video Games,PlayStation TV/ Vita,https://www.walmart.com/browse?cat_id=2636_1091824
Video Games,Skylanders,https://www.walmart.com/browse?cat_id=2636_1093225
Video Games,Star Wars Video Games,https://www.walmart.com/browse?cat_id=2636_3324173
Video Games,Super Mario Video Games,https://www.walmart.com/browse?cat_id=2636_1512800
Video Games,The Sims Video Games,https://www.walmart.com/browse?cat_id=2636_8954619
Video Games,Titanfall,https://www.walmart.com/browse?cat_id=2636_5944325
Video Games,Used Video Games,https://www.walmart.com/browse?cat_id=2636_1056224
Video Games,Video Game Consoles,https://www.walmart.com/browse?cat_id=2636_1040580
Video Games,Video Game Value Bundles,https://www.walmart.com/browse?cat_id=2636_1092764
Video Games,Video Games Strategy Guides,https://www.walmart.com/browse?cat_id=2636_582506
Video Games,Virtual Reality,https://www.walmart.com/browse?cat_id=2636_5454301
Video Games,Xbox One S Console,https://www.walmart.com/browse?cat_id=2636_8455767
Pharmacy,Pet Medications,https://www.walmart.com/browse?cat_id=5431_1095032
Home,Decor,https://www.walmart.com/browse?cat_id=4044_133012
Home,Kitchen & Dining,https://www.walmart.com/browse?cat_id=4044_623679
Home,Furniture,https://www.walmart.com/browse?cat_id=4044_103150
Home,Appliances,https://www.walmart.com/browse?cat_id=4044_90548
Home,Bedding,https://www.walmart.com/browse?cat_id=4044_539103
Home,Storage & Organization,https://www.walmart.com/browse?cat_id=4044_90828
Home,Featured Shops,https://www.walmart.com/browse?cat_id=4044_1225301
Home,Bath,https://www.walmart.com/browse?cat_id=4044_539095
Home,College Dorm Living,https://www.walmart.com/browse?cat_id=4044_1225229
Home,Kids' Rooms,https://www.walmart.com/browse?cat_id=4044_1154295
Home,Luggage,https://www.walmart.com/browse?cat_id=4044_444253
Home,Mattresses & Accessories,https://www.walmart.com/browse?cat_id=4044_539386
Home,Personalized Gifts,https://www.walmart.com/browse?cat_id=4044_133224
Home,Teens' Rooms,https://www.walmart.com/browse?cat_id=4044_1156136
Sports & Outdoors,Outdoor Sports,https://www.walmart.com/browse?cat_id=4125_546956
Sports & Outdoors,Sports Fan Shop,https://www.walmart.com/browse?cat_id=4125_1063984
Sports & Outdoors,Exercise & Fitness,https://www.walmart.com/browse?cat_id=4125_4134
Sports & Outdoors,Recreation,https://www.walmart.com/browse?cat_id=4125_1224931
Sports & Outdoors,Team Sports,https://www.walmart.com/browse?cat_id=4125_4161
Sports & Outdoors,Basketball,https://www.walmart.com/browse?cat_id=4125_4165
Seasonal,Back To Class,https://www.walmart.com/browse?cat_id=1085632_1230848
Seasonal,Back to School,https://www.walmart.com/browse?cat_id=1085632_1071204
Seasonal,College Living,https://www.walmart.com/browse?cat_id=1085632_1093705
Seasonal,Cold & Flu Solutions,https://www.walmart.com/browse?cat_id=1085632_1097930
Seasonal,Star Wars,https://www.walmart.com/browse?cat_id=1085632_1229472
Seasonal,Avengers,https://www.walmart.com/browse?cat_id=1085632_1229464
Seasonal,Disney Frozen,https://www.walmart.com/browse?cat_id=1085632_1225661
Seasonal,Back to School Top Items,https://www.walmart.com/browse?cat_id=1085632_1230123
Seasonal,Character Corner,https://www.walmart.com/browse?cat_id=1085632_1098784
Seasonal,Chosen by Kids,https://www.walmart.com/browse?cat_id=1085632_1228386
Seasonal,Jurassic Park,https://www.walmart.com/browse?cat_id=1085632_1229470
Seasonal,Minions,https://www.walmart.com/browse?cat_id=1085632_1105934
Seasonal,Transformers Age of Extinction,https://www.walmart.com/browse?cat_id=1085632_1225645
Seasonal,Women Owned Businesses,https://www.walmart.com/browse?cat_id=1085632_1094926
Seasonal,WWE,https://www.walmart.com/browse?cat_id=1085632_1228561
Health,Personal Care,https://www.walmart.com/browse?cat_id=976760_1005862
Health,Medicine Cabinet,https://www.walmart.com/browse?cat_id=976760_976798
Health,Vitamins,https://www.walmart.com/browse?cat_id=976760_1005863
Health,Walmart Vision Centers,https://www.walmart.com/browse?cat_id=976760_1078944
Health,Home Health Care,https://www.walmart.com/browse?cat_id=976760_1005860
Health,Massagers & Spa,https://www.walmart.com/browse?cat_id=976760_36290
Health,Diet & Nutrition,https://www.walmart.com/browse?cat_id=976760_1005859
Health,Diabetes Shop,https://www.walmart.com/browse?cat_id=976760_1231757
Health,Energy & Endurance,https://www.walmart.com/browse?cat_id=976760_6915711
Health,Heart Health,https://www.walmart.com/browse?cat_id=976760_1172220
Health,Sports Nutrition,https://www.walmart.com/browse?cat_id=976760_1166769
Musical Instruments,DJ Equipment,https://www.walmart.com/browse?cat_id=7796869_1097690
Musical Instruments,Guitars & Guitar Accessories,https://www.walmart.com/browse?cat_id=7796869_1097870
Musical Instruments,Drums & Percussion,https://www.walmart.com/browse?cat_id=7796869_1097852
Musical Instruments,Muscial Instrument Accessories,https://www.walmart.com/browse?cat_id=7796869_3297174
Musical Instruments,Band & Orchestra,https://www.walmart.com/browse?cat_id=7796869_1097884
Musical Instruments,Microphones & Headphones,https://www.walmart.com/browse?cat_id=7796869_133194
Musical Instruments,Band Instruments,https://www.walmart.com/browse?cat_id=7796869_106987
Musical Instruments,Accordians & Concertinas,https://www.walmart.com/browse?cat_id=7796869_1120714
Musical Instruments,Folk & World Instruments,https://www.walmart.com/browse?cat_id=7796869_1097866
Musical Instruments,Karaoke Machines & Equipment,https://www.walmart.com/browse?cat_id=7796869_106984
Musical Instruments,Keyboards & Accessories,https://www.walmart.com/browse?cat_id=7796869_1128453
Musical Instruments,Megaphones,https://www.walmart.com/browse?cat_id=7796869_1133473
Musical Instruments,Musical Instruction,https://www.walmart.com/browse?cat_id=7796869_1097895
Movies & TV,Movies,https://www.walmart.com/browse?cat_id=4096_530598
Movies & TV,Instant Video Streaming by Vudu,https://www.walmart.com/browse?cat_id=4096_1084447
Movies & TV,TV Shows,https://www.walmart.com/browse?cat_id=4096_530719
Movies & TV,Blu-ray,https://www.walmart.com/browse?cat_id=4096_616859
Movies & TV,Instawatch,https://www.walmart.com/browse?cat_id=4096_1228693
Movies & TV,Disney,https://www.walmart.com/browse?cat_id=4096_1106153
Movies & TV,Walmart Exclusives,https://www.walmart.com/browse?cat_id=4096_1095777
Movies & TV,4k Resolution,https://www.walmart.com/browse?cat_id=4096_1172214
Movies & TV,Alvin 3 Movie Cash Triple Play Promotion,https://www.walmart.com/browse?cat_id=4096_1090207
Movies & TV,Blu-ray,https://www.walmart.com/browse?cat_id=4096_1164697
Movies & TV,Complete Series,https://www.walmart.com/browse?cat_id=4096_1157352
Movies & TV,Complete Series Box Sets & Collections,https://www.walmart.com/browse?cat_id=4096_1088549
Movies & TV,Disney Deals,https://www.walmart.com/browse?cat_id=4096_1161944
Movies & TV,Disney Junior,https://www.walmart.com/browse?cat_id=4096_1106156
Movies & TV,Featured Titles,https://www.walmart.com/browse?cat_id=4096_1095778
Movies & TV,Frozen,https://www.walmart.com/browse?cat_id=4096_1101662
Movies & TV,HBO,https://www.walmart.com/browse?cat_id=4096_1094890
Movies & TV,Jurassic Park - Movies,https://www.walmart.com/browse?cat_id=4096_1229471
Movies & TV,Limited Editions,https://www.walmart.com/browse?cat_id=4096_1107113
Movies & TV,Midnight In Paris,https://www.walmart.com/browse?cat_id=4096_1092587
Movies & TV,Star Wars,https://www.walmart.com/browse?cat_id=4096_1097335
Movies & TV,Star Wars - Movies,https://www.walmart.com/browse?cat_id=4096_1229475
Movies & TV,Top Family Favorites,https://www.walmart.com/browse?cat_id=4096_1099945
Movies & TV,TV Shows,https://www.walmart.com/browse?cat_id=4096_1106655
Movies & TV,Under $5,https://www.walmart.com/browse?cat_id=4096_1102661
Music,Rock,https://www.walmart.com/browse?cat_id=4104_4118
Music,Classical,https://www.walmart.com/browse?cat_id=4104_4108
Music,Jazz,https://www.walmart.com/browse?cat_id=4104_4112
Music,World / Reggae,https://www.walmart.com/browse?cat_id=4104_4124
Music,Pop,https://www.walmart.com/browse?cat_id=4104_4115
Music,Vinyl,https://www.walmart.com/browse?cat_id=4104_1205481
Music,Dance / DJ,https://www.walmart.com/browse?cat_id=4104_4110
Music,Apple Music,https://www.walmart.com/browse?cat_id=4104_1358190
Music,Blues,https://www.walmart.com/browse?cat_id=4104_4105
Music,Children's Music,https://www.walmart.com/browse?cat_id=4104_4106
Music,Christian / Gospel,https://www.walmart.com/browse?cat_id=4104_4107
Music,Country,https://www.walmart.com/browse?cat_id=4104_4109
Music,Folk Music,https://www.walmart.com/browse?cat_id=4104_4111
Music,Gift cards,https://www.walmart.com/browse?cat_id=4104_9999353
Music,Latin,https://www.walmart.com/browse?cat_id=4104_4113
Music,Music DVD's,https://www.walmart.com/browse?cat_id=4104_538232
Music,New Age,https://www.walmart.com/browse?cat_id=4104_4114
Music,R&B / Soul,https://www.walmart.com/browse?cat_id=4104_4116
Music,Rap / Hip-Hop,https://www.walmart.com/browse?cat_id=4104_4117
Music,Soundtracks,https://www.walmart.com/browse?cat_id=4104_4119
Music,Special Interest,https://www.walmart.com/browse?cat_id=4104_4120
Patio & Garden,Gardening & Lawn Care,https://www.walmart.com/browse?cat_id=5428_4091
Patio & Garden,Patio & Outdoor Decor,https://www.walmart.com/browse?cat_id=5428_1102183
Patio & Garden,Patio Furniture,https://www.walmart.com/browse?cat_id=5428_91416
Patio & Garden,Outdoor Power Equipment,https://www.walmart.com/browse?cat_id=5428_1102182
Patio & Garden,Outdoor Lighting,https://www.walmart.com/browse?cat_id=5428_4423804
Patio & Garden,Grills & Outdoor Cooking,https://www.walmart.com/browse?cat_id=5428_4089
Patio & Garden,Rodeo Supplies,https://www.walmart.com/browse?cat_id=5428_4775074
Patio & Garden,Hot Tubs & Saunas,https://www.walmart.com/browse?cat_id=5428_105913
Patio & Garden,Patio & Garden Collections,https://www.walmart.com/browse?cat_id=5428_1218910
Patio & Garden,Sheds & Outdoor Storage,https://www.walmart.com/browse?cat_id=5428_8018905
Party & Occasions,Crafts,https://www.walmart.com/browse?cat_id=2637_667479
Party & Occasions,Party Supplies,https://www.walmart.com/browse?cat_id=2637_1042319
Party & Occasions,Christmas Decor,https://www.walmart.com/browse?cat_id=2637_633379
Party & Occasions,Halloween,https://www.walmart.com/browse?cat_id=2637_615760
Party & Occasions,All Costumes,https://www.walmart.com/browse?cat_id=2637_1088766
Party & Occasions,Wedding Shop,https://www.walmart.com/browse?cat_id=2637_112776
Party & Occasions,Judaica,https://www.walmart.com/browse?cat_id=2637_1102379
Party & Occasions,Hanukkah,https://www.walmart.com/browse?cat_id=2637_612339
Party & Occasions,Harvest,https://www.walmart.com/browse?cat_id=2637_1227918
Party & Occasions,Thanksgiving,https://www.walmart.com/browse?cat_id=2637_1111660
Household Essentials,Household Batteries,https://www.walmart.com/browse?cat_id=1115193_1076905
Household Essentials,Light Bulbs,https://www.walmart.com/browse?cat_id=1115193_1228347
Household Essentials,Cleaning Supplies,https://www.walmart.com/browse?cat_id=1115193_1071966
Household Essentials,Bathroom,https://www.walmart.com/browse?cat_id=1115193_1071965
Household Essentials,Paper & Plastic,https://www.walmart.com/browse?cat_id=1115193_1073264
Household Essentials,Kitchen,https://www.walmart.com/browse?cat_id=1115193_1071968
Household Essentials,Air Fresheners,https://www.walmart.com/browse?cat_id=1115193_1025739
Household Essentials,As Seen On TV,https://www.walmart.com/browse?cat_id=1115193_1111632
Household Essentials,Drain & Septic Care,https://www.walmart.com/browse?cat_id=1115193_1072124
Household Essentials,Hand Soap & Sanitizers,https://www.walmart.com/browse?cat_id=1115193_1001719
Household Essentials,Laundry Room,https://www.walmart.com/browse?cat_id=1115193_1071967
Household Essentials,Pest Control,https://www.walmart.com/browse?cat_id=1115193_1025745
Baby,Nursery & Decor,https://www.walmart.com/browse?cat_id=5427_414099
Baby,Feeding,https://www.walmart.com/browse?cat_id=5427_133283
Baby,Maternity,https://www.walmart.com/browse?cat_id=5427_133284
Baby,Health & Safety,https://www.walmart.com/browse?cat_id=5427_132943
Baby,Baby Bath & Skin Care,https://www.walmart.com/browse?cat_id=5427_1097005
Baby,Baby & Toddler Toys,https://www.walmart.com/browse?cat_id=5427_491351
Baby,Gifts for Baby,https://www.walmart.com/browse?cat_id=5427_538387
Baby,Baby Activities & Gear,https://www.walmart.com/browse?cat_id=5427_86323
Baby,Car Seats,https://www.walmart.com/browse?cat_id=5427_91365
Baby,Diapering,https://www.walmart.com/browse?cat_id=5427_486190
Baby,Strollers,https://www.walmart.com/browse?cat_id=5427_118134
Office,Small Business Center,https://www.walmart.com/browse?cat_id=1229749_6735581
Office,Office Technology,https://www.walmart.com/browse?cat_id=1229749_1070964
Office,Office Supplies,https://www.walmart.com/browse?cat_id=1229749_1046059
Office,School Supplies,https://www.walmart.com/browse?cat_id=1229749_1086045
Office,Ink & Toner,https://www.walmart.com/browse?cat_id=1229749_133104
Office,Shipping and Moving,https://www.walmart.com/browse?cat_id=1229749_2696828
Office,Janitorial Supplies,https://www.walmart.com/browse?cat_id=1229749_1086977
Office,Paper,https://www.walmart.com/browse?cat_id=1229749_6562796
Office,Breakroom Supplies,https://www.walmart.com/browse?cat_id=1229749_1086976
Books,Literature & Fiction,https://www.walmart.com/browse?cat_id=3920_582105
Books,Children's Books,https://www.walmart.com/browse?cat_id=3920_582053
Books,Textbooks,https://www.walmart.com/browse?cat_id=3920_582377
Books,"Health, Mind & Body",https://www.walmart.com/browse?cat_id=3920_582054
Books,"Art, Music & Photography",https://www.walmart.com/browse?cat_id=3920_582321
Books,Biography & Memoirs,https://www.walmart.com/browse?cat_id=3920_582107
Books,Business & Investing,https://www.walmart.com/browse?cat_id=3920_582349
Books,$5 Children's Books,https://www.walmart.com/browse?cat_id=3920_1084824
Books,Adult Coloring Books,https://www.walmart.com/browse?cat_id=3920_8844202
Books,Adults,https://www.walmart.com/browse?cat_id=3920_1071886
Books,Audiobooks,https://www.walmart.com/browse?cat_id=3920_555552
Books,Avengers - Books,https://www.walmart.com/browse?cat_id=3920_1229469
Books,Bibles,https://www.walmart.com/browse?cat_id=3920_582374
Books,Calendars,https://www.walmart.com/browse?cat_id=3920_630139
Books,Computing & Internet,https://www.walmart.com/browse?cat_id=3920_582339
Books,"Cooking, Food & Wine",https://www.walmart.com/browse?cat_id=3920_7301728
Books,Disney Books,https://www.walmart.com/browse?cat_id=3920_1081324
Books,History,https://www.walmart.com/browse?cat_id=3920_582331
Books,"Home, Hobbies & Garden",https://www.walmart.com/browse?cat_id=3920_582361
Books,Journals,https://www.walmart.com/browse?cat_id=3920_1100005
Books,Jurassic Park - Books,https://www.walmart.com/browse?cat_id=3920_1229903
Books,Libros en Espanol,https://www.walmart.com/browse?cat_id=3920_226139
Books,Mathematics,https://www.walmart.com/browse?cat_id=3920_3777987
Books,Minions - Books,https://www.walmart.com/browse?cat_id=3920_1105933
Books,Mystery & Suspense,https://www.walmart.com/browse?cat_id=3920_582375
Books,Parenting & Families,https://www.walmart.com/browse?cat_id=3920_582348
Books,Political & Social Sciences,https://www.walmart.com/browse?cat_id=3920_582376
Books,Reference,https://www.walmart.com/browse?cat_id=3920_582507
Books,Religion,https://www.walmart.com/browse?cat_id=3920_582055
Books,Romance,https://www.walmart.com/browse?cat_id=3920_582052
Books,Science & Technology,https://www.walmart.com/browse?cat_id=3920_2173511
Books,Sports & Recreation,https://www.walmart.com/browse?cat_id=3920_582379
Books,Star Wars - Books,https://www.walmart.com/browse?cat_id=3920_1229476
Books,Sustainability,https://www.walmart.com/browse?cat_id=3920_639119
Books,Top 200 Books,https://www.walmart.com/browse?cat_id=3920_1057224
Books,Travel,https://www.walmart.com/browse?cat_id=3920_2128979
Books,Travel & Nature,https://www.walmart.com/browse?cat_id=3920_582500
Books,Video Games Strategy Guides,https://www.walmart.com/browse?cat_id=3920_582506
Gifts & Registry,Personalized Gifts,https://www.walmart.com/browse?sort=NEW&cat_id=1094765_133224
Gifts & Registry,Gifts for Baby,https://www.walmart.com/browse?sort=NEW&cat_id=1094765_538387
Gifts & Registry,Gift Baskets,https://www.walmart.com/browse?sort=NEW&cat_id=1094765_133059
Gifts & Registry,Gift Cards,https://www.walmart.com/browse?sort=NEW&cat_id=1094765_96894
Cell Phones,Accessories,https://www.walmart.com/browse?cat_id=1105910_133161
Cell Phones,Shop Phones by Operating System,https://www.walmart.com/browse?cat_id=1105910_1231203
Cell Phones,Unlocked Phones,https://www.walmart.com/browse?cat_id=1105910_1073085
Cell Phones,No-Contract Phones & Plans,https://www.walmart.com/browse?cat_id=1105910_1072335
Cell Phones,Apple iPhone,https://www.walmart.com/browse?cat_id=1105910_1127173
Cell Phones,Apple iPhone,https://www.walmart.com/browse?cat_id=1105910_1231258
Cell Phones,Mobile Hotspots & Plans,https://www.walmart.com/browse?cat_id=1105910_1163447
Cell Phones,Family Mobile,https://www.walmart.com/browse?cat_id=1105910_1076544
Cell Phones,Refurbished Phones,https://www.walmart.com/browse?cat_id=1105910_1159786
Cell Phones,Samsung Galaxy,https://www.walmart.com/browse?cat_id=1105910_1231202
Cell Phones,SIM Cards,https://www.walmart.com/browse?cat_id=1105910_1097404
Cell Phones,Straight Talk Wireless,https://www.walmart.com/browse?cat_id=1105910_1045119
Food,"Meal Solutions, Grains & Pasta",https://www.walmart.com/browse?cat_id=976759_976794
Food,Beverages,https://www.walmart.com/browse?cat_id=976759_976782
Food,Baking,https://www.walmart.com/browse?cat_id=976759_976780
Food,Fresh Food,https://www.walmart.com/browse?cat_id=976759_1071964
Food,"Snacks, Cookies & Chips",https://www.walmart.com/browse?cat_id=976759_976787
Food,Candy & Gum,https://www.walmart.com/browse?cat_id=976759_1096070
Food,Breakfast & Cereal,https://www.walmart.com/browse?cat_id=976759_976783
Food,Coffee,https://www.walmart.com/browse?cat_id=976759_1086446
Food,Food Gifts,https://www.walmart.com/browse?cat_id=976759_1089004
Food,Frozen Foods,https://www.walmart.com/browse?cat_id=976759_976791
Food,Gluten-Free Foods,https://www.walmart.com/browse?cat_id=976759_1228023
Food,Organic Foods,https://www.walmart.com/browse?cat_id=976759_1228024
Beauty,Personal Care,https://www.walmart.com/browse?cat_id=1085666_1005862
Beauty,Makeup,https://www.walmart.com/browse?cat_id=1085666_1007040
Beauty,Hair Care,https://www.walmart.com/browse?cat_id=1085666_1007219
Beauty,Bath & Body,https://www.walmart.com/browse?cat_id=1085666_1071969
Beauty,Skin Care,https://www.walmart.com/browse?cat_id=1085666_1007039
Beauty,Fragrances,https://www.walmart.com/browse?cat_id=1085666_133225
Beauty,Massagers & Spa,https://www.walmart.com/browse?cat_id=1085666_36290
Beauty,Beauty Gift Sets,https://www.walmart.com/browse?cat_id=1085666_2649673
Beauty,Oral Care,https://www.walmart.com/browse?cat_id=1085666_1007221
Beauty,Shaving,https://www.walmart.com/browse?cat_id=1085666_1007220
Home Improvement,Tools,https://www.walmart.com/browse?cat_id=1072864_1031899
Home Improvement,Hardware,https://www.walmart.com/browse?cat_id=1072864_1067612
Home Improvement,Electrical,https://www.walmart.com/browse?cat_id=1072864_1067619
Home Improvement,Lighting & Light Fixtures,https://www.walmart.com/browse?cat_id=1072864_133113
Home Improvement,Bathroom Renovation,https://www.walmart.com/browse?cat_id=1072864_1045879
Home Improvement,Paint,https://www.walmart.com/browse?cat_id=1072864_1067617
Home Improvement,Laundry Room Renovation,https://www.walmart.com/browse?cat_id=1072864_7800821
Home Improvement,Building Materials,https://www.walmart.com/browse?cat_id=1072864_1172176
Home Improvement,Door Weatherization,https://www.walmart.com/browse?cat_id=1072864_1230916
Home Improvement,Doors and Gates,https://www.walmart.com/browse?cat_id=1072864_1230758
Home Improvement,Fire Safety,https://www.walmart.com/browse?cat_id=1072864_1231051
Home Improvement,Flooring,https://www.walmart.com/browse?cat_id=1072864_1067616
Home Improvement,Garage & Storage,https://www.walmart.com/browse?cat_id=1072864_1067618
Home Improvement,Generators,https://www.walmart.com/browse?cat_id=1072864_1231265
Home Improvement,Green Energy,https://www.walmart.com/browse?cat_id=1072864_1087352
Home Improvement,"Heating, Cooling, & Air Quality",https://www.walmart.com/browse?cat_id=1072864_133032
Home Improvement,Home Automation,https://www.walmart.com/browse?cat_id=1072864_1229875
Home Improvement,Home Improvement Lubricants and Cleaning Supplies,https://www.walmart.com/browse?cat_id=1072864_1230393
Home Improvement,Home Safety,https://www.walmart.com/browse?cat_id=1072864_1068865
Home Improvement,Kitchen Renovation,https://www.walmart.com/browse?cat_id=1072864_1071485
Home Improvement,Light Bulbs,https://www.walmart.com/browse?cat_id=1072864_1228347
Home Improvement,Miscellaneous Natural Disaster Safety Products,https://www.walmart.com/browse?cat_id=1072864_1043924
Home Improvement,Pressure Washers and Accessories,https://www.walmart.com/browse?cat_id=1072864_1231240
Home Improvement,Professional Tools,https://www.walmart.com/browse?cat_id=1072864_9667965
Home Improvement,Shipping and Moving,https://www.walmart.com/browse?cat_id=1072864_2696828
Home Improvement,Water and Air Purification,https://www.walmart.com/browse?cat_id=1072864_1231153
Home Improvement,Welding and Soldering,https://www.walmart.com/browse?cat_id=1072864_1230390
Home Improvement,Windows,https://www.walmart.com/browse?cat_id=1072864_1230778
Home Improvement,Work Safety Clothing and Equipment,https://www.walmart.com/browse?cat_id=1072864_1230395
Clothing,Shop by Clothing Type,https://www.walmart.com/browse?cat_id=5438_3421685
Clothing,Basics Shop,https://www.walmart.com/browse?cat_id=5438_1180146
Clothing,Men,https://www.walmart.com/browse?cat_id=5438_133197
Clothing,Bags & Accessories,https://www.walmart.com/browse?cat_id=5438_1045799
Clothing,Women,https://www.walmart.com/browse?cat_id=5438_133162
Clothing,Shoes,https://www.walmart.com/browse?cat_id=5438_1045804
Clothing,Cold Weather Clothing Shop,https://www.walmart.com/browse?cat_id=5438_639019
Clothing,Activewear for the Family,https://www.walmart.com/browse?cat_id=5438_1228424
Clothing,Associate Dress Code,https://www.walmart.com/browse?cat_id=5438_1225572
Clothing,Baby & Toddler Clothing,https://www.walmart.com/browse?cat_id=5438_584291
Clothing,Big & Tall,https://www.walmart.com/browse?cat_id=5438_133198
Clothing,Boys,https://www.walmart.com/browse?cat_id=5438_133199
Clothing,Character Shop,https://www.walmart.com/browse?cat_id=5438_1231398
Clothing,Girls,https://www.walmart.com/browse?cat_id=5438_133202
Clothing,Industrial Workwear,https://www.walmart.com/browse?cat_id=5438_1228241
Clothing,Intimates & Sleepwear,https://www.walmart.com/browse?cat_id=5438_1078024
Clothing,Juniors,https://www.walmart.com/browse?cat_id=5438_133201
Clothing,Maternity,https://www.walmart.com/browse?cat_id=5438_133284
Clothing,School Uniforms Shop,https://www.walmart.com/browse?cat_id=5438_1086304
Clothing,Sleepwear Shop,https://www.walmart.com/browse?cat_id=5438_1228539
Clothing,Swim Shop,https://www.walmart.com/browse?cat_id=5438_1229269
Clothing,Women's Plus,https://www.walmart.com/browse?cat_id=5438_133195
Clothing,Young Men's Styles,https://www.walmart.com/browse?cat_id=5438_547964
Electronics,Cell Phones,https://www.walmart.com/browse?cat_id=3944_542371
Electronics,Computers,https://www.walmart.com/browse?cat_id=3944_3951
Electronics,Cameras & Camcorders,https://www.walmart.com/browse?cat_id=3944_133277
Electronics,TV & Video,https://www.walmart.com/browse?cat_id=3944_1060825
Electronics,Audio,https://www.walmart.com/browse?cat_id=3944_133251
Electronics,Home Audio & Theater,https://www.walmart.com/browse?cat_id=3944_77622
Electronics,Portable Audio,https://www.walmart.com/browse?cat_id=3944_96469
Electronics,3D Printing,https://www.walmart.com/browse?cat_id=3944_1228636
Electronics,Accessories,https://www.walmart.com/browse?cat_id=3944_1086506
Electronics,Apple Brand Experience,https://www.walmart.com/browse?cat_id=3944_1229722
Electronics,Apple iPad Air,https://www.walmart.com/browse?cat_id=3944_1156273
Electronics,Auto Electronics,https://www.walmart.com/browse?cat_id=3944_3947
Electronics,Boomboxes,https://www.walmart.com/browse?cat_id=3944_4527
Electronics,Drones,https://www.walmart.com/browse?cat_id=3944_1228606
Electronics,GPS & Navigation,https://www.walmart.com/browse?cat_id=3944_538883
Electronics,Headphones,https://www.walmart.com/browse?cat_id=3944_1095191
Electronics,Home Automation,https://www.walmart.com/browse?cat_id=3944_1229875
Electronics,iPad & Tablets,https://www.walmart.com/browse?cat_id=3944_1078524
Electronics,Media Players & Recorders,https://www.walmart.com/browse?cat_id=3944_1229631
Electronics,Phones & Accessories,https://www.walmart.com/browse?cat_id=3944_3977
Electronics,Radios,https://www.walmart.com/browse?cat_id=3944_4533
Electronics,Speaker Docks,https://www.walmart.com/browse?cat_id=3944_1230428
Electronics,Surveillance Equipment,https://www.walmart.com/browse?cat_id=3944_47600
Electronics,Voice Recorders,https://www.walmart.com/browse?cat_id=3944_4407
Electronics,Wearable Technology,https://www.walmart.com/browse?cat_id=3944_1229723
Auto & Tires,Auto Parts,https://www.walmart.com/browse?cat_id=91083_1074765
Auto & Tires,Auto Body,https://www.walmart.com/browse?cat_id=91083_1074767
Auto & Tires,Garage Tools & Equipment,https://www.walmart.com/browse?cat_id=91083_5941050
Auto & Tires,Motorcycle and ATV,https://www.walmart.com/browse?cat_id=91083_1080484
Auto & Tires,Exterior Car Accessories,https://www.walmart.com/browse?cat_id=91083_1074784
Auto & Tires,Interior Car Accessories,https://www.walmart.com/browse?cat_id=91083_1074769
Auto & Tires,Tires,https://www.walmart.com/browse?cat_id=91083_1077064
Auto & Tires,Auto Detailing & Car Care,https://www.walmart.com/browse?cat_id=91083_1212910
Auto & Tires,Auto Electronics,https://www.walmart.com/browse?cat_id=91083_3947
Auto & Tires,Car Safety & Car Security,https://www.walmart.com/browse?cat_id=91083_1074766
Auto & Tires,Fuel Storage & Transfer,https://www.walmart.com/browse?cat_id=91083_1044198
Auto & Tires,Motor Oil &Transmission Fluids,https://www.walmart.com/browse?cat_id=91083_1104294
Auto & Tires,RV,https://www.walmart.com/browse?cat_id=91083_2983678
Auto & Tires,Welding and Soldering,https://www.walmart.com/browse?cat_id=91083_1230390
Jewelry,Fashion Jewelry,https://www.walmart.com/browse?cat_id=3891_1228263
Jewelry,Fine Jewelry,https://www.walmart.com/browse?cat_id=3891_1228254
Jewelry,Watches,https://www.walmart.com/browse?cat_id=3891_3906
Jewelry,Wedding & Engagement Rings,https://www.walmart.com/browse?cat_id=3891_540912
Jewelry,Engagement Rings,https://www.walmart.com/browse?cat_id=3891_1228349
Jewelry,Cufflinks,https://www.walmart.com/browse?cat_id=3891_1043852
Jewelry,Jewelry Storage,https://www.walmart.com/browse?cat_id=3891_132987
Jewelry,Personalized Jewelry,https://www.walmart.com/browse?cat_id=3891_532459
Jewelry,Jewelry Cleaners & Accessories,https://www.walmart.com/browse?cat_id=3891_655299
